Rad	fahren	0			3433
Auto	fahren	0			2338
Ski	fahren	0			1775
Teil	nehmen	0			848
Bogen	schießen	0			812
Fahrrad	fahren	0			798
Kaffee	trinken	0			767
Motorrad	fahren	0			553
Kreuz	heben	0			481
Wind	surfen	0			477
Geld	verdienen	0			459
Zeit	fahren	0			444
Blut	vergießen	0			435
Musik	hören	0			398
Wasser	lassen	0			380
Gas	geben	0			327
Zucker	schlecken	0			324
Western	reiten	0			315
Pony	reiten	0			274
Eis	laufen	0			264
Abschied	nehmen	0			259
Ski	springen	0			253
Kopf	nicken	0			251
Kanu	fahren	0			245
Fallschirm	springen	0			237
Gewicht	heben	0			219
Hand	auflegen	0			210
Rasen	mähen	0			200
Musik	machen	0			187
Gold	waschen	0			180
Probe	hören	0			163
Bus	fahren	0			160
Vogel	schießen	0			157
Bahn	fahren	0			157
Luft	holen	0			151
Preis	schießen	0			146
Penalty	schießen	0			139
Seil	springen	0			138
Probe	fahren	0			133
Boot	fahren	0			133
Schulter	klopfen	0			131
Dressur	reiten	0			131
Kopf	rechnen	0			129
Tee	trinken	0			127
Koma	saufen	0			124
Bier	trinken	0			121
Ballon	fahren	0			116
Wäsche	waschen	0			114
Zug	fahren	0			113
Schlitten	fahren	0			111
Geld	ausgeben	0			110
Sport	schießen	0			96
Geld	abheben	0			96
Pokal	schießen	0			92
Internet	surfen	0			91
Taxi	fahren	0			90
Wasser	treten	0			86
Ei	erlegen	0			86
Fett	absaugen	0			85
Atem	holen	0			85
Enduro	fahren	0			83
Blut	abnehmen	0			82
Schlange	stehen	0			79
Schi	fahren	0			77
Trampolin	springen	0			75
Teil	haben	0			72
Kajak	fahren	0			72
Radio	hören	0			71
Kaffee	kochen	0			69
Blei	gießen	0			69
Feuer	machen	0			68
Gas	wegnehmen	0			66
Auto	waschen	0			66
Moped	fahren	0			65
Wasser	trinken	0			64
Stil	springen	0			64
Raub	kopieren	0			63
Essen	gehen	0			62
Mut	machen	0			61
Para	gleiten	0			60
Distanz	reiten	0			59
Roller	fahren	0			58
Velo	fahren	0			57
Hindernis	fahren	0			57
Sport	tauchen	0			55
Sauna	baden	0			55
Topf	schlagen	0			52
Feuer	verzinken	0			52
Akt	zeichnen	0			51
Text	verstehen	0			50
Pulver	beschichten	0			49
Gau	schießen	0			49
Ei	singen	0			49
Tabak	rauchen	0			48
Fußball	gucken	0			48
Einrad	fahren	0			48
Wasser	holen	0			47
Probe	wohnen	0			47
Muskel	zucken	0			47
Feder	lesen	0			47
Brettchen	weben	0			46
Wasser	springen	0			45
Kamel	reiten	0			45
Dreikönigs	singen	0			45
Kaugummi	kauen	0			44
Gespann	fahren	0			44
Snowboard	fahren	0			42
Beschwerde	vorbringen	0			42
Maß	nehmen	0			41
Laser	schweißen	0			41
Rausch	trinken	0			40
Radio	machen	0			40
Bruch	rechnen	0			39
Wein	trinken	0			38
Recht	haben	0			38
Gelände	reiten	0			38
Flügel	schlagen	0			38
Kunst	radfahren	0			36
Eis	schießen	0			36
Berg	steigen	0			36
Seil	ziehen	0			35
Ei	erlaufen	0			35
Drachen	zähmen	0			35
Bein	heben	0			35
Ziel	werfen	0			34
Wirbel	gleiten	0			34
Probe	reiten	0			34
Brötchen	holen	0			34
Ball	werfen	0			34
Hufeisen	werfen	0			33
Buggy	fahren	0			33
Kartoffel	schälen	0			32
Insel	hüpfen	0			32
Tür	öffnen	0			31
Probe	schießen	0			31
Geist	heilen	0			31
Cabrio	fahren	0			31
Almosen	geben	0			31
Meter	schießen	0			30
Kegel	fahren	0			30
Bier	brauen	0			30
Ball	wegschlagen	0			30
Wrack	tauchen	0			29
Körper	erleben	0			29
Bob	fahren	0			29
Zeit	springen	0			28
Zeit	erleben	0			28
Unkraut	jäten	0			28
Kampf	trinken	0			28
Beute	machen	0			28
Amok	laufen	0			28
Daumen	lutschen	0			27
Motorboot	fahren	0			26
Freizeit	reiten	0			26
Rudel	gucken	0			25
Nacht	skaten	0			25
Luft	schnappen	0			25
Lenker	schlagen	0			25
Esel	reiten	0			25
Traktor	fahren	0			24
Schluss	machen	0			24
Punkt	schweißen	0			24
Party	machen	0			24
Hand	anlegen	0			24
Ziel	schießen	0			23
Spaß	haben	0			23
Show	kochen	0			23
Rücken	schweben	0			23
Prozent	rechnen	0			23
Platz	nehmen	0			23
Pipi	machen	0			23
Gelände	fahren	0			23
Trikot	ziehen	0			22
Schlamm	catchen	0			22
Ring	reiten	0			22
Kunst	springen	0			22
Kalk	brennen	0			22
Honig	schlecken	0			22
Ballon	glühen	0			22
Auto	abschaffen	0			22
Skateboard	fahren	0			21
Koma	trinken	0			21
Jagd	reiten	0			21
Achterbahn	fahren	0			21
Zucker	ziehen	0			20
Web	surfen	0			20
Wasser	kochen	0			20
Wasser	fassen	0			20
Stein	stoßen	0			20
Salsa	tanzen	0			20
Nacht	tauchen	0			20
Helium	brennen	0			20
Haus	bauen	0			20
Hand	heben	0			20
Glühwein	trinken	0			20
Bier	holen	0			20
Bagger	fahren	0			20
Asyl	begehren	0			20
Stock	schießen	0			19
Segel	setzen	0			19
Schulter	heben	0			19
Nase	bohren	0			19
Marathon	laufen	0			19
Kopf	schlagen	0			19
Fach	rechnen	0			19
Däumchen	drehen	0			19
Aura	sehen	0			19
Alkohol	trinken	0			19
Wald	roden	0			18
Ultraschall	schweißen	0			18
Test	fahren	0			18
Service	wohnen	0			18
Schlittschuh	fahren	0			18
Kunst	fahren	0			18
Gras	fressen	0			18
Gift	mischen	0			18
Geld	anlegen	0			18
Essen	kochen	0			18
Wäsche	trocknen	0			17
Wäsche	aufhängen	0			17
Turnier	reiten	0			17
Säbel	fechten	0			17
Strafstoß	schießen	0			17
Literatur	übersetzen	0			17
Kunststoff	schweißen	0			17
Geld	machen	0			17
Feuer	laufen	0			17
Dampf	ablassen	0			17
Band	bestehen	0			17
Öl	ziehen	0			16
Zahn	ziehen	0			16
Wild	campen	0			16
Tor	schießen	0			16
Spiel	leiten	0			16
Schenkel	klopfen	0			16
Sand	boarden	0			16
Kilometer	fressen	0			16
Hochglanz	verdichten	0			16
Feder	picken	0			16
Eis	baden	0			16
Brot	brechen	0			16
Bauch	tanzen	0			16
Axt	werfen	0			16
Zweirad	fahren	0			15
Würze	kochen	0			15
Wurzel	ziehen	0			15
Video	gucken	0			15
Tee	kochen	0			15
Tango	tanzen	0			15
Stecker	ziehen	0			15
Seilchen	springen	0			15
Saft	fasten	0			15
Maus	klicken	0			15
Liebe	machen	0			15
Harn	lassen	0			15
Haken	schlagen	0			15
Glas	machen	0			15
Computer	spielen	0			15
Berg	laufen	0			15
Turnier	tanzen	0			14
Theater	spielen	0			14
Theater	machen	0			14
Tandem	springen	0			14
Stock	fechten	0			14
Schnee	schieben	0			14
Müll	trennen	0			14
Musik	denken	0			14
Milch	trinken	0			14
Messer	werfen	0			14
Mantra	singen	0			14
Lasso	werfen	0			14
Kritik	singen	0			14
Kot	fressen	0			14
Hand	abhacken	0			14
Grab	machen	0			14
Eis	tauchen	0			14
Comic	zeichnen	0			14
Böller	schießen	0			14
Burg	werben	0			14
Wunder	wirken	0			13
Weltcup	springen	0			13
Test	hören	0			13
Teig	kneten	0			13
Tandem	fahren	0			13
Straßenbahn	fahren	0			13
Slalom	fahren	0			13
Rad	schlagen	0			13
Politik	machen	0			13
Panzer	fahren	0			13
Milch	aufschäumen	0			13
Kürbis	schnitzen	0			13
Kabel	verlegen	0			13
Holz	schnitzen	0			13
Hof	reiten	0			13
Fohlen	brennen	0			13
Fach	zeichnen	0			13
Berg	fahren	0			13
Arsch	lecken	0			13
Arsch	kriechen	0			13
Arbeit	geben	0			13
Ader	lassen	0			13
Zimmer	aufräumen	0			12
Ziel	springen	0			12
Zelt	aufbauen	0			12
Wein	machen	0			12
Team	springen	0			12
Schritt	reiten	0			12
Schnee	fegen	0			12
Schnaps	brennen	0			12
Schadenersatz	begehren	0			12
Ring	richten	0			12
Probe	anziehen	0			12
Natur	erkennen	0			12
Moral	empfinden	0			12
Insel	springen	0			12
Heu	machen	0			12
Haus	nebenkosten	0			12
Fach	übersetzen	0			12
Draht	erodieren	0			12
Bock	springen	0			12
Bein	stellen	0			12
Angst	machen	0			12
Zeit	schinden	0			11
Willkommen	heißen	0			11
Vorderlader	schießen	0			11
Sport	fechten	0			11
Slalom	laufen	0			11
Schwung	holen	0			11
Schwert	fechten	0			11
Schnee	fressen	0			11
Schnaps	trinken	0			11
Schluss	schießen	0			11
Schein	werfen	0			11
Rätsel	lösen	0			11
Raum	erleben	0			11
Plasma	schweißen	0			11
Kreuz	fahren	0			11
Kopf	machen	0			11
Gold	schürfen	0			11
Gewehr	schießen	0			11
Geld	zählen	0			11
Film	einlegen	0			11
Feuer	schlagen	0			11
Fehler	machen	0			11
Essen	fassen	0			11
Elektro	schweißen	0			11
Bolzen	schweißen	0			11
Adler	schießen	0			11
Zeit	reisen	0			10
Zeit	ansagen	0			10
Winter	austreiben	0			10
Trikot	ausziehen	0			10
Traum	landen	0			10
Stamm	landen	0			10
Stab	hochspringen	0			10
Seil	tanzen	0			10
Salut	schießen	0			10
Rat	geben	0			10
Portrait	zeichnen	0			10
Märchen	erzählen	0			10
Mast	legen	0			10
Mai	singen	0			10
Kästchen	denken	0			10
Kutsche	fahren	0			10
Kraft	tanken	0			10
Kopf	hören	0			10
Kloot	schießen	0			10
Heu	fressen	0			10
Grab	legen	0			10
Geld	verbrennen	0			10
Gang	einlegen	0			10
Fußball	spielen	0			10
Fuß	laufen	0			10
Fuß	fassen	0			10
Finger	tippen	0			10
Drachen	töten	0			10
Cross	laufen	0			10
Brot	backen	0			10
Bett	nässen	0			10
Ballon	modellieren	0			10
Anteil	nehmen	0			10
Western	schießen	0			9
Unkraut	zupfen	0			9
Trikot	zupfen	0			9
Stück	verzinken	0			9
Standard	tanzen	0			9
Schleim	lösen	0			9
Sand	baden	0			9
Platz	machen	0			9
Pfeil	werfen	0			9
Paar	laufen	0			9
Mode	zeichnen	0			9
Kuh	melken	0			9
Kreis	fahren	0			9
Kiefer	mahlen	0			9
Karussell	fahren	0			9
Kaiser	schießen	0			9
Inliner	fahren	0			9
Hänger	fahren	0			9
Holz	machen	0			9
Handy	telefonieren	0			9
Busch	reiten	0			9
Brunnen	bohren	0			9
Blatt	singen	0			9
Abstand	nehmen	0			9
Zeit	tauchen	0			8
Walzer	tanzen	0			8
Wache	schieben	0			8
Ventil	einstellen	0			8
Streit	schlichten	0			8
Segel	fliegen	0			8
Schäfchen	zählen	0			8
Reis	kochen	0			8
Recht	geben	0			8
Parcours	springen	0			8
Orgasmus	vortäuschen	0			8
Nest	bauen	0			8
Nacht	schießen	0			8
Musik	reiten	0			8
Mountainbike	fahren	0			8
Monster	kloppen	0			8
Modell	stehen	0			8
Kultur	erleben	0			8
Kreis	punzen	0			8
Klavier	spielen	0			8
Karaoke	singen	0			8
Kalk	löschen	0			8
Kabel	ziehen	0			8
Hand	geben	0			8
Haken	lösen	0			8
Haar	waschen	0			8
Frust	saufen	0			8
Frust	fressen	0			8
Feuer	legen	0			8
Blümchen	pflücken	0			8
Bild	verstehen	0			8
Bach	schwinden	0			8
Aufzug	fahren	0			8
Appetit	holen	0			8
Anhänger	fahren	0			8
Zeugnis	geben	0			7
Wasser	testen	0			7
Wasser	lösen	0			7
Video	telefonieren	0			7
Vakuum	gießen	0			7
Urlaub	machen	0			7
Test	schießen	0			7
Teppich	verlegen	0			7
Teppich	knüpfen	0			7
Telefon	anfragen	0			7
Tee	fasten	0			7
Show	laufen	0			7
Schlüssel	drehen	0			7
Saft	schubsen	0			7
Rücken	kraulen	0			7
Revier	reinigen	0			7
Reis	werfen	0			7
Rallye	fahren	0			7
Profit	machen	0			7
Nacken	ziehen	0			7
Nacht	fahren	0			7
Musik	verstehen	0			7
Milch	treten	0			7
Luxus	wohnen	0			7
Lift	fahren	0			7
Leine	ziehen	0			7
Laser	beschriften	0			7
Korn	mahlen	0			7
Kopf	hochreißen	0			7
Kopf	drehen	0			7
Kohlenstoff	brennen	0			7
Kiel	holen	0			7
Hindernis	reiten	0			7
Hand	aufheben	0			7
Glas	blasen	0			7
Gewicht	werfen	0			7
Gefährder	anschreiben	0			7
Gast	bloggen	0			7
Fähnchen	schwenken	0			7
Frust	ablassen	0			7
Finger	boarden	0			7
Film	gucken	0			7
Film	drehen	0			7
Feuer	speien	0			7
Feuer	setzen	0			7
Feder	fressen	0			7
Druck	gießen	0			7
Drachen	fliegen	0			7
Dorf	schießen	0			7
Buch	binden	0			7
Body	boarden	0			7
Bau	zeichnen	0			7
Auftrag	geben	0			7
Apfel	tauchen	0			7
Zeit	nehmen	0			6
Wurst	schnappen	0			6
Winter	baden	0			6
Watt	laufen	0			6
Wasser	nehmen	0			6
Wasser	laufen	0			6
Wasser	atmen	0			6
Ultraschall	reinigen	0			6
Tau	treten	0			6
Strom	verbrauchen	0			6
Stellung	nehmen	0			6
Stein	heben	0			6
Staub	baden	0			6
Spur	einstellen	0			6
Sport	reiten	0			6
Schwert	ziehen	0			6
Schuss	antäuschen	0			6
Schiff	fahren	0			6
Schi	laufen	0			6
Schatten	boxen	0			6
Probe	singen	0			6
Probe	gucken	0			6
Preis	singen	0			6
Plasma	ätzen	0			6
Pickel	fressen	0			6
Pfeife	rauchen	0			6
Paar	wohnen	0			6
Obst	fasten	0			6
Modell	bauen	0			6
Model	checken	0			6
Milch	holen	0			6
Maus	schubsen	0			6
Marmelade	kochen	0			6
Manga	zeichnen	0			6
Licht	ausschalten	0			6
Käse	machen	0			6
Kot	absetzen	0			6
Knoten	knüpfen	0			6
Klo	gehen	0			6
Klavier	üben	0			6
Kampf	saufen	0			6
Jagd	springen	0			6
Holz	schlagen	0			6
Hoden	kneifen	0			6
Haschisch	rauchen	0			6
Hand	weben	0			6
Gemüse	schnitzen	0			6
Geld	verteilen	0			6
Geld	eintreiben	0			6
Garten	umgraben	0			6
Gang	reiten	0			6
Fuß	tapsen	0			6
Foto	machen	0			6
Fluss	surfen	0			6
Energie	tanken	0			6
Eisenbahn	fahren	0			6
Eis	schlecken	0			6
Einspänner	fahren	0			6
Eimer	saufen	0			6
Druck	ablassen	0			6
Dreirad	fahren	0			6
Deck	schrubben	0			6
Couch	surfen	0			6
Cocktail	trinken	0			6
Chor	dirigieren	0			6
Body	surfen	0			6
Body	bangen	0			6
Boden	legen	0			6
Blut	trinken	0			6
Bier	saufen	0			6
Beweis	begehren	0			6
Beton	bohren	0			6
Autobahn	fahren	0			6
Ausdauer	laufen	0			6
Auftrag	schweißen	0			6
Auftakt	springen	0			6
Arsch	ficken	0			6
Arsch	abwischen	0			6
Apfel	schnitzen	0			6
Zelt	abbauen	0			5
Zeitung	austragen	0			5
Zeit	lassen	0			5
Wettkampf	schießen	0			5
Wasser	auffüllen	0			5
Wagen	waschen	0			5
Wache	stehen	0			5
Trikot	zerren	0			5
Trikot	waschen	0			5
Traum	deuten	0			5
Tisch	abräumen	0			5
Tempo	machen	0			5
Teller	drehen	0			5
Stöckchen	werfen	0			5
Strom	tanken	0			5
Streifen	ziehen	0			5
Stern	gucken	0			5
Stapler	fahren	0			5
Standort	denken	0			5
Stall	ausmisten	0			5
Spaß	schießen	0			5
Sonne	tanken	0			5
Sommer	singen	0			5
Show	fahren	0			5
Seil	laufen	0			5
Seife	sieden	0			5
Schwimmen	gehen	0			5
Schweif	schlagen	0			5
Schwanz	lutschen	0			5
Schritt	gehen	0			5
Schlag	bohren	0			5
Schaum	schlagen	0			5
Salz	sieden	0			5
Rücksicht	nehmen	0			5
Rätsel	raten	0			5
Roboter	schweißen	0			5
Punsch	trinken	0			5
Probe	schlafen	0			5
Probe	baden	0			5
Plan	drehen	0			5
Pfötchen	geben	0			5
Pflege	wohnen	0			5
Pflaster	treten	0			5
Panzer	schießen	0			5
Panorama	röntgen	0			5
Orchester	dirigieren	0			5
Moral	predigen	0			5
Lust	machen	0			5
Los	werfen	0			5
Los	drehen	0			5
Lid	straffen	0			5
Licht	setzen	0			5
Leine	laufen	0			5
Laub	fegen	0			5
Kugel	gießen	0			5
Kreuzchen	machen	0			5
Korrektur	lesen	0			5
Kopf	auflegen	0			5
Kopf	abschlagen	0			5
Koffer	auspacken	0			5
Kahn	fahren	0			5
Kabel	legen	0			5
Häusle	bauen	0			5
Hubertus	schießen	0			5
Holz	holen	0			5
Holocaust	gedenken	0			5
Hobby	tauchen	0			5
Herbst	schießen	0			5
Helm	zieren	0			5
Haupt	springen	0			5
Hass	predigen	0			5
Hand	zeichnen	0			5
Hand	biken	0			5
Grund	immunisieren	0			5
Gondel	fahren	0			5
Golf	spielen	0			5
Getreide	mahlen	0			5
Genuss	trinken	0			5
Geld	ziehen	0			5
Gehäuse	berechnen	0			5
Futter	fassen	0			5
Frühstück	machen	0			5
Fron	reiten	0			5
Flatrate	saufen	0			5
Feuer	landen	0			5
Einfluss	nehmen	0			5
Dauer	bellen	0			5
Cross	fahren	0			5
Cocktail	schlürfen	0			5
Bürger	schießen	0			5
Bällchen	werfen	0			5
Branntwein	brennen	0			5
Bogen	laufen	0			5
Blitz	rechnen	0			5
Bilanz	ziehen	0			5
Beute	greifen	0			5
Bauch	kraulen	0			5
Bau	finanzieren	0			5
Barriere	springen	0			5
Auto	kaufen	0			5
Anker	werfen	0			5
Anker	lichten	0			5
